{
  "assetsByChunkName": {
    "vendors~app-account~app-confirmation~app-order": "chunk.c39a7f21f93ffcaff205.js",
    "vendors~app-account~app-checkout": "chunk.7b7bcaa46f03aaf8d5af.js",
    "vendors~app-cart~app-checkout": "chunk.959d74334b1ca7b7cca6.js",
    "admin": [
      "admin.75c709cfe9909d300511.js",
      "admin.75c709cfe9909d300511.js.map"
    ],
    "app-account": "chunk.6f484794b44cf14624ab.js",
    "app-checkout": "chunk.b5f96cbae246d2ab6a62.js",
    "app-confirmation": "chunk.55e139995e357c359514.js",
    "checkout": [
      "checkout.b9251b9210d469dcda05.js",
      "checkout.b9251b9210d469dcda05.js.map"
    ],
    "storefront": [
      "storefront.c72faeafd0475d812c5e.css",
      "storefront.4c9b341a089f452b9200.js",
      "storefront.c72faeafd0475d812c5e.css.map",
      "storefront.4c9b341a089f452b9200.js.map"
    ],
    "vendors~app-cart": "chunk.82a7e54b2d84b8356071.js",
    "vendors~app-order": "chunk.ae2c7f9ec1bb3b390a36.js"
  }
}