{
  "marketing_stripe": {
    "text": "PERSONALIZE SUAS BOTAS E MONTARIAS",
    "link": "",
    "background": "#94764c",
    "color": "#000000"
  },
  "contacts_stripe": {
    "pages": [
      {
        "title": "Sobre nós",
        "link": "/pages/sobre-nos"
      }
    ],
    "phone_wpp": true,
    "socials": true
  },
  "categories_list": {
    "featured": [],
    "random": 12,
    "full_width": true
  },
  "desktop_megamenu": false,
  "search_input": true,
  "alphabetical_order_submenu": true,
  "full_width_submenu": true
}