{
  "meta_title": "",
  "meta_description": "",
  "sections": [
    {
      "type": "banner-slider",
      "autoplay": 4000,
      "full_width": false,
      "slides": [
        {
          "start": "",
          "end": "",
          "img": "/img/uploads/bem-vindo-2-.png"
        },
        {
          "start": "",
          "end": "",
          "img": "/img/uploads/producao-propria-3-.png"
        },
        {
          "start": "",
          "end": "",
          "img": "/img/uploads/selas-de-montaria-1-.png"
        },
        {
          "start": "",
          "end": "",
          "img": "/img/uploads/botas-1-.png"
        }
      ]
    },
    {
      "type": "info-bar",
      "enabled": true
    },
    {
      "type": "banners-grid",
      "banners": [
        {
          "img": "/img/uploads/montarias.png",
          "link": "https://selariakoski.netlify.app/selas"
        },
        {
          "link": "https://selariakoski.netlify.app/pilchas-adulto",
          "img": "/img/uploads/montarias-1-.png"
        }
      ]
    },
    {
      "type": "banners-grid",
      "banners": [
        {
          "img": "/img/uploads/montarias-2-.png",
          "link": "https://selariakoski.netlify.app/pilchas-infantil"
        },
        {
          "img": "/img/uploads/montarias-4-.png",
          "link": "https://selariakoski.netlify.app/calcados"
        }
      ]
    },
    {
      "type": "banners-grid",
      "banners": [
        {
          "img": "/img/uploads/montarias-6-.png",
          "link": "https://selariakoski.netlify.app/cutelaria"
        },
        {
          "img": "/img/uploads/montarias-7-.png",
          "link": "https://selariakoski.netlify.app/treino"
        }
      ]
    },
    {
      "type": "banners-grid",
      "banners": [
        {
          "img": "/img/uploads/montarias-3-.png",
          "link": "https://selariakoski.netlify.app/chapeus"
        },
        {
          "img": "/img/uploads/montarias-5-.png",
          "link": "https://selariakoski.netlify.app/lacos"
        }
      ]
    },
    {
      "type": "collection-shelf",
      "shuffle": true,
      "collection_id": null,
      "sort": "sales",
      "title": "",
      "headless": false,
      "limit": 12,
      "page": 1
    },
    {
      "type": "collection-shelf",
      "shuffle": false,
      "limit": 12,
      "page": 1,
      "collection_id": "6304e621225fcd0d801cb0f8:categories:Churrasco:/churrasco"
    }
  ]
}